description,price_day_1,price_day_2
Aceite ALPA Soya Galón 5L,36.5,36.5
Aceite De Oliva En Spray La Española Frasco 200 ml,27.9,27.9
Aceite De Oliva Extra Suave Borges Botella 500 ml,24.9,24.9
Aceite De Oliva Extra Virgen Premium x 500 mL,44.9,44.9
Aceite De Oliva Extra Virgen Trufa Blanca Pons Frasco 250 ml,50.9,0.0
Aceite De Oliva Puro El Olivar Botella 200 ml,20.9,20.9
Aceite EL PALMERO Balde 18L,0.0,135.0
Aceite Oliva Cuisine & Co 250ml,18.9,18.9
Aceite Oliva Cuisine & Co 500ml,35.8,35.8
Aceite VEGA Botella 900ml + Azúcar Rubia VEGA 5kg,0.0,28.3
Aceite VEGA Soya Balde 18L,174.4,174.4
Aceite Vegetal COCINERO Botella 900L,8.5,0.0
Aceite Vegetal Olivado HUERTO ALAMEIN Botella ...,14.39,0.0
Aceite Vegetal PRIMOR Clásico Botella 900L,9.1,0.0
Aceite Vegetal PRIMOR Clásico Botella 900L x2u,18.2,0.0
Aceite Vegetal PRIMOR Clásico Botella 900ml Caja 12u,139.2,139.2
Aceite Vegetal PRIMOR Clásico Botella 900ml x3u,34.8,34.8
Aceite Vegetal PRIMOR Clásico Botella 900ml x6u,69.6,69.6
Aceite de Oliva 100% Puro 500 mL,47.8,0.0
Aceite de Oliva 141 g,0.0,23.9
Aceite de Oliva ACAVILLE Extra Virgen Botella ...,73.9,0.0
Aceite de Oliva ACAVILLE Extra Virgen Botella 1L,73.9,73.9
Aceite de Oliva ACAVILLE Extra Virgen Botella 200ml,21.49,21.49
Aceite de Oliva ACAVILLE Extra Virgen Gourmet ...,25.7,48.99
Aceite de Oliva BELL'S Extra Virgen Botella 1L,65.9,65.9
Aceite de Oliva BELL'S Extra Virgen Botella 2L,102.9,0.0
Aceite de Oliva BELL'S Puro Botella 900ml,56.19,56.19
Aceite de Oliva BELL'S Virgen Botella 500ml,0.0,35.8
Aceite de Oliva BELL'S Virgen Botella 900ml,49.3,49.3
Aceite de Oliva Borges Extra Virgen Botella 250 ml,19.9,19.9
Aceite de Oliva Borges Extra Virgen Botella 500 ml,39.5,39.5
Aceite de Oliva CARBONELL Extra Virgen Spray 2...,21.5,21.5
Aceite de Oliva CARBONELL Extra Virgen Spray 200ml,0.0,25.1
Aceite de Oliva CARBONELL Puro Frasco 200ml,25.1,25.1
Aceite de Oliva CARBONELL Sabor Afrutado Inten...,29.5,29.5
Aceite de Oliva CARBONELL Sabor Afrutado Intenso Botella 250ml,29.5,29.5
Aceite de Oliva CARBONELL Sabor Afrutado Intenso Botella 500ml,0.0,44.9
Aceite de Oliva CREMONINI Extra Virgen Botella 1L,87.5,87.5
Aceite de Oliva CREMONINI Extra Virgen Botella 250ml,28.9,28.9
Aceite de Oliva CREMONINI Extra Virgen Botella...,28.9,49.9
Aceite de Oliva Carbonell Extra Virgen Spray 200 ml,25.9,25.9
Aceite de Oliva Carbonell Spray 200 ml,25.9,25.9
Aceite de Oliva Clásico Carbonell Botella 1 Lt,84.5,84.5
Aceite de Oliva Cuisine & Co 1L,54.8,54.8
Aceite de Oliva Cuisine & Co 250ml,18.9,0.0
Aceite de Oliva Cuisine & Co Botella 1 Lt,0.0,55.8
Aceite de Oliva Cuisine & Co Botella 500 ml,0.0,36.8
Aceite de Oliva EL CORTE INGLÉS Extra Virgen B...,54.9,54.9
Aceite de Oliva EL CORTE INGLÉS Extra Virgen Botella 1L,54.9,0.0
Aceite de Oliva EL OLIVAR Extra Virgen Botella 1L,66.9,66.9
Aceite de Oliva EL OLIVAR Extra Virgen Botella 250ml,30.5,0.0
Aceite de Oliva EL OLIVAR Extra Virgen Botella...,24.5,66.9
Aceite de Oliva EL OLIVAR Puro Botella 1L,61.9,61.9
Aceite de Oliva EL OLIVAR Puro Botella 500ml,34.9,34.9
Aceite de Oliva EL OLIVAR Sabor Intenso Botell...,0.0,53.79
Aceite de Oliva EL OLIVAR Sabor Intenso Botella 500ml,53.79,53.79
Aceite de Oliva El Olivar Extra Virgen 1L,85.6,66.9
Aceite de Oliva El Olivar Extra Virgen 500ml,37.9,37.9
Aceite de Oliva El Olivar Extra Virgen Botella 200 ml,22.9,17.9
Aceite de Oliva El Olivar Extra Virgen Botella 250ml,32.7,32.7
Aceite de Oliva El Olivar Extra Virgen Intenso 500ml,0.0,53.3
Aceite de Oliva El Olivar Extra Virgen Intenso Botella 1 L,97.5,97.5
Aceite de Oliva El Olivar Puro Botella 1 L,77.8,77.8
Aceite de Oliva El Olivar Puro Botella 500 ml,44.9,44.9
Aceite de Oliva El Olivar Suave Botella 500 ml,44.0,44.4
Aceite de Oliva El Olivar Virgen Botella 1 L,83.0,0.0
Aceite de Oliva Extra Virgen 1 L,0.0,72.8
Aceite de Oliva Extra Virgen 1L,82.5,82.5
Aceite de Oliva Extra Virgen 2 L,102.9,0.0
Aceite de Oliva Extra Virgen 200 mL,24.6,0.0
Aceite de Oliva Extra Virgen 250 mL,24.9,0.0
Aceite de Oliva Extra Virgen 500 mL,36.9,36.9
Aceite de Oliva Extra Virgen 750 mL,74.2,0.0
Aceite de Oliva Extra Virgen BELL'S Botella 50...,36.9,36.9
Aceite de Oliva Extra Virgen BELL'S Botella 500ml,36.9,36.9
Aceite de Oliva Extra Virgen Botella 250 ml,0.0,31.4
Aceite de Oliva Extra Virgen Carbonell Botella 1 Lt,0.0,89.9
Aceite de Oliva Extra Virgen Carbonell Botella 250 ml,21.9,0.0
Aceite de Oliva Extra Virgen Carbonell Botella 500 ml,44.9,44.9
Aceite de Oliva Extra Virgen Cuisine & Co 1L,66.9,65.9
Aceite de Oliva Extra Virgen Cuisine & Co 500ml,38.5,38.5
Aceite de Oliva Extra Virgen Filippo Berio 750ml,59.5,59.5
Aceite de Oliva Extra Virgen Huerto Alamein 1L,0.0,75.3
Aceite de Oliva Extra Virgen Huerto Alamein 200ml,0.0,22.1
Aceite de Oliva Extra Virgen Huerto Alamein 275ml,30.99,30.99
Aceite de Oliva Extra Virgen Huerto Alamein 2L,158.8,141.7
Aceite de Oliva Extra Virgen Huerto Alamein 500ml,43.1,0.0
Aceite de Oliva Extra Virgen OLIVO DEL SUR Pre...,53.8,53.8
Aceite de Oliva Extra Virgen Olivos del Sur 250ml,32.5,0.0
Aceite de Oliva Extra Virgen Olivos del Sur 750ml,75.9,75.9
Aceite de Oliva Extra Virgen Orgánico 500 mL,0.0,41.9
Aceite de Oliva Fat Free Pam Spray 141 g,26.9,26.9
Aceite de Oliva Filippo Berio Extra Virgen 250ml,27.5,27.9
Aceite de Oliva Filippo Berio Extra Virgen 500ml,39.9,39.9
Aceite de Oliva Filippo Berio Extra Virgen Botella Spray 200 ml,22.5,22.9
Aceite de Oliva Filippo Berio Puro Botella 1 L,67.5,67.5
Aceite de Oliva Filippo Berio Puro Botella 250ml,0.0,21.9
Aceite de Oliva Filippo Berio Puro Botella 500 ml,39.9,39.5
Aceite de Oliva HUERTO ALAMEIN Extra Virgen Bo...,140.99,140.99
Aceite de Oliva HUERTO ALAMEIN Extra Virgen Botella 200ml,0.0,19.5
Aceite de Oliva HUERTO ALAMEIN Extra Virgen Botella 500ml,38.0,38.0
Aceite de Oliva HUERTO ALAMEIN Extra Virgen Sp...,0.0,30.99
Aceite de Oliva HUERTO ALAMEIN Extra Virgen Spray 275ml,30.99,0.0
Aceite de Oliva HUERTO ALAMEIN Puro Botella 1L,0.0,65.7
Aceite de Oliva HUERTO ALAMEIN Puro Botella 50...,0.0,41.9
Aceite de Oliva Huerto Extra Virgen Alamein Premium 1L,84.2,84.2
Aceite de Oliva Huerto Extra Virgen Alamein Premium 500ml,49.0,49.0
Aceite de Oliva La Española Extra Virgen 500ml,42.5,42.5
Aceite de Oliva La Española Extra Virgen Botella 1 L,72.5,72.5
Aceite de Oliva La Española Extra Virgen Botella 250 ml,24.6,24.6
Aceite de Oliva La Española Puro Botella 1 L,64.9,64.9
Aceite de Oliva La Española Puro Botella 250 ml,0.0,22.5
Aceite de Oliva La Española Puro Botella 500 ml,38.9,38.9
Aceite de Oliva OLIVOS DEL SUR Extra Virgen Bo...,0.0,20.9
Aceite de Oliva OLIVOS DEL SUR Extra Virgen Botella 1L,0.0,90.1
Aceite de Oliva OLIVOS DEL SUR Extra Virgen Fr...,30.9,30.9
Aceite de Oliva Oli21 Extra Virgen 200ml,20.9,0.0
Aceite de Oliva Oli21 Extra Virgen 500ml,44.9,44.9
Aceite de Oliva Olivos del Sur Extra Virgen Botella 1 L,85.5,85.5
Aceite de Oliva Olivos del Sur Extra Virgen Botella 500 ml,53.8,53.8
Aceite de Oliva Puro 200 mL,16.7,16.7
Aceite de Oliva Puro Botella 500 ml,0.0,50.3
Aceite de Oliva Puro Huerto Alamein 1L,0.0,65.7
Aceite de Oliva Puro Huerto Alamein 500ml,41.9,0.0
Aceite de Oliva Sabor Intenso 500 mL,0.0,43.1
Aceite de Oliva Sabor Suave Botella 200 ml,20.5,20.5
Aceite de Oliva Santolivo Extra Virgen 1L,0.0,83.2
Aceite de Oliva Santolivo Extra Virgen 500ml,49.9,0.0
Aceite de Oliva TIMONEL Extra Virgen Botella 200ml,21.2,0.0
Aceite de Oliva TIMONEL Extra Virgen Botella 500ml,36.4,0.0
Aceite de Oliva VALDEPORRES Extra Virgen Botel...,24.6,24.6
Aceite de Oliva VALDEPORRES Extra Virgen Botella 1L,66.4,66.4
Aceite de Oliva VALDEPORRES Extra Virgen Botella 250ml,24.6,0.0
Aceite de Oliva VALDEPORRES Extra Virgen Botella 500ml,42.5,42.5
Aceite de Oliva VALDEPORRES Gran Selección Bot...,119.9,119.9
Aceite de Oliva VALDEPORRES Suave Botella 1L,59.9,0.0
Aceite de Oliva Virgen Botella 200 ml,0.0,24.65
Aceite de Oliva Virgen Botella 500 ml,49.3,49.3
Aceite de Soya VEGA Botella 500ml,4.3,4.3
Ajo Picado en Aceite de Oliva Badia 227g,14.8,14.8
Anchoveta en Aceite de Oliva 125g,0.0,4.3
Atún Claro en Aceite de Oliva Palacio de Oriente Lata 111 g,15.9,15.9
Filete Anchoas Valle Fértil en Aceite de Oliva VF 100 g,13.1,13.1
Filete de Anchoas VALLE FÉRTIL en Aceite de Oliva Frasco 100g,13.2,0.0
Galletas Saladas Colussi Aceite de Oliva y Romero 250g,14.9,14.9
Jamón de Pavo Ahumado con Aceite de Oliva La Genovesa 150g,20.5,20.5
Jamón de Pechuga de Pavo con Aceite de Oliva La Genovesa 150g,19.8,19.8
Leche Corporal NIVEA Aceite de Oliva - Frasco ...,0.0,21.9
Lomo de Atún en Aceite de Oliva 80g,0.0,14.9
Mayonesa con Aceite de Oliva Piki 400g,22.99,22.99
Mezcla de Aceite de Canola con Aceite de Oliva Borges 1L,24.9,24.9
Mezcla de Aceite de Girasol con Aceite de Oliva Borges 1L,24.9,0.0
Pack Olivos del Sur: Aceite de Oliva 200ml + Vinagre de Manzana 100ml,36.0,0.0
Pack de Aceite de Oliva 500 mL + Vinagre de Manzaza 100 mL,61.7,61.7
Papas onduladas con tomate albahaca y aceite de oliva de 115 g,0.0,8.5
Salchicha de Pavo con Aceite de Oliva La Genovesa 300g,19.9,0.0
Salsa EL CORTE INGLES De tomate con aceite de Oliva Frasco 350g,7.9,0.0
Sardina en Aceite de Oliva PALACIO Caja 120g,0.0,17.6
Sardinas Palacio del Oriente con Limón en Aceite de Oliva Lata 125 g,0.0,17.6
Sardinas Palacio del Oriente en Aceite de Oliva Lata 125 g,17.4,17.4
Sardinas en Aceite de Oliva Vigilante 120g,18.8,18.8
Sólido de Atún REAL en Aceite de Oliva Lata 140g,8.2,0.0
Sólido de Atún en Aceite de Oliva Real 140g,8.2,8.2
Tripack Lomo de Atún en Aceite Oliva Real 80g,15.2,15.2
Twopack Aceite de Oliva La Española Extra Virgen 500ml,85.0,85.0
