Nombre,precio,website,scrape_timestamp
Listo Frankfurter Hot Dog,6.9,Listo,2024-12-02 13:34:07.877313
Empacado Croissant de Pollo Listo,7.9,Listo,2024-12-02 13:34:07.877313
Listo Empanada De Pollo,4.5,Listo,2024-12-02 13:34:07.877313
Listo Empanada De Lomo,4.9,Listo,2024-12-02 13:34:07.877313
Listo Empacado Croissant Mixto,7.9,Listo,2024-12-02 13:34:07.877313
Ciabata De Pollo + Gaseosa 300ml,8.4,Listo,2024-12-02 13:34:07.877313
Listo Combo - 2 Pan Pita Pollo + 2 Gaseosas 300ml,14.0,Listo,2024-12-02 13:34:07.877313
Listo - Desayuno Croissant De Pollo + Jugo Listo 250ml,11.8,Listo,2024-12-02 13:34:07.877313
Sandwich Pita De Pollo Listo + Gaseosa300ml,7.0,Listo,2024-12-02 13:34:07.877313
Listo Ciabata Carne Mechada + Gaseosa,9.9,Listo,2024-12-02 13:34:07.877313
Ciabatta Huachana + Gaseosa 300 Ml,8.9,Listo,2024-12-02 13:34:07.877313
Listo - Desayuno Croissant Mixto + Jugo Listo 250ml,11.8,Listo,2024-12-02 13:34:07.877313
Listo Croissant De Pollo Con Durazno,8.9,Listo,2024-12-02 13:34:07.877313
Ciabatta Mixta + Gaseosa 300 Ml,8.9,Listo,2024-12-02 13:34:07.877313
Almuerzo Listo: Ciabatta Club+ Lays36gr+ Coca300ml,11.5,Listo,2024-12-02 13:34:07.877313
Chorizo Parrillero,5.9,Listo,2024-12-02 13:34:07.877313
Listo Frankfurter Picante,6.9,Listo,2024-12-02 13:34:07.877313
Listo Ciabatta De Pollo,6.9,Listo,2024-12-02 13:34:07.877313
Listo Frankfurter Hot Dog,6.9,Listo,2024-12-02 13:34:07.877313
Listo Empacado Pan Pita Pollo,5.9,Listo,2024-12-02 13:34:07.877313
Listo Pizza Personal Americana,7.5,Listo,2024-12-02 13:34:07.877313
Listo Pizza Grande Pepperoni,16.9,Listo,2024-12-02 13:34:07.877313
Listo Ciabatta Club,6.9,Listo,2024-12-02 13:34:07.877313
Listo Pizza Grande Americana,15.9,Listo,2024-12-02 13:34:07.877313
Ciabatta Carne Mechada,7.9,Listo,2024-12-02 13:34:07.877313
Ciabata Meat Balls,7.9,Listo,2024-12-02 13:34:07.877313
Ciabatta Mixta,6.9,Listo,2024-12-02 13:34:07.877313
2 x Frankfurter Hot Dog,9.9,Listo,2024-12-02 13:34:07.877313
Listo Pizza Personal Pepperoni,7.9,Listo,2024-12-02 13:34:07.877313
Listo Ciabatta Huachana,6.9,Listo,2024-12-02 13:34:07.877313
San Mateo Agua Mineral De Manantial Sin Gas,4.6,Listo,2024-12-02 13:34:07.877313
Cielo Agua sin Gas,2.9,Listo,2024-12-02 13:34:07.877313
San Luis Agua Mineral Con Gas 625 mL,2.0,Listo,2024-12-02 13:34:07.877313
San Luis Agua con Sabor a Piña y Kión 625 mL,2.5,Listo,2024-12-02 13:34:07.877313
San Mateo Agua Mineral con Gas,2.0,Listo,2024-12-02 13:34:07.877313
Cielo Agua Mineral sin Gas,3.6,Listo,2024-12-02 13:34:07.877313
San Luis Bebida con Gas Sabor a Manzana,2.7,Listo,2024-12-02 13:34:07.877313
San Luis Agua sin Gas,2.7,Listo,2024-12-02 13:34:07.877313
San Mateo Agua Mineral de Manantial sin Gas,2.0,Listo,2024-12-02 13:34:07.877313
San Luis Agua Sin Gas,2.0,Listo,2024-12-02 13:34:07.877313
San Luis Agua sin Gas,2.9,Listo,2024-12-02 13:34:07.877313
San Carlos Agua de Mesa Purificada sin Gas,16.5,Listo,2024-12-02 13:34:07.877313
San Luis Bebida Gasificada Sabor A Maracuyá 625 mL,2.7,Listo,2024-12-02 13:34:07.877313
San Carlos Agua sin Gas,2.3,Listo,2024-12-02 13:34:07.877313
Cielo Agua sin Gas,1.7,Listo,2024-12-02 13:34:07.877313
Coca-Cola Gaseosa Sabor Original 500 mL,2.9,Listo,2024-12-02 13:34:07.877313
Inca Kola Bebida Gaseosa Sabor Original 500 mL,2.9,Listo,2024-12-02 13:34:07.877313
Coca-Cola Gaseosa Sin Azúcar 500 mL,2.9,Listo,2024-12-02 13:34:07.877313
Coca-Cola Gaseosa Sabor Original Botella 1 L,5.1,Listo,2024-12-02 13:34:07.877313
Fanta Gaseosa Sabor Kola Inglesa 500 mL,2.9,Listo,2024-12-02 13:34:07.877313
Inca Kola Bebida Gaseosa Sin Azúcar 500 mL,2.9,Listo,2024-12-02 13:34:07.877313
Coca-Cola Bebida Gaseosa sin Azúcar,5.1,Listo,2024-12-02 13:34:07.877313
Sprite Bebida Gaseosa Lima Limón 500 mL,2.9,Listo,2024-12-02 13:34:07.877313
Fanta Gaseosa Sabor a Naranja 500 mL,2.9,Listo,2024-12-02 13:34:07.877313
Inca Kola Bebida Gaseosa Sabor Original 1 L,6.2,Listo,2024-12-02 13:34:07.877313
Guaraná Bebida Gaseosa Original,3.0,Listo,2024-12-02 13:34:07.877313
Fanta Refresco Sabor Kola Inglesa 3 L,9.9,Listo,2024-12-02 13:34:07.877313
Pepsi Gaseosa Sabor Cola,4.8,Listo,2024-12-02 13:34:07.877313
Backus Bebida Gaseosa Sabor Guaraná Original,9.7,Listo,2024-12-02 13:34:07.877313
Evervess Gaseosa Ginger Ale,6.9,Listo,2024-12-02 13:34:07.877313
Turbox Glacial Bolsa de Hielo - Glacial - 3 Kg,8.2,Listo,2024-12-02 13:34:07.877313
Glacial Bolsa De Hielo 1.5kg,7.9,Listo,2024-12-02 13:34:07.877313
Glacial Hielo 3k,8.2,Listo,2024-12-02 13:34:07.877313
Combo Absolut Vodka Raspberri + Hielo,52.26,Listo,2024-12-02 13:34:07.877313
Combo Beefeater Ginebra Rosado + Evervess Agua Tónica + Hielo,83.34,Listo,2024-12-02 13:34:07.877313
Combo Tanqueray Ginebra Flor de Sevilla + Hielo,122.94,Listo,2024-12-02 13:34:07.877313
Combo Beefeater Ginebra Blood Orange + Hielo,93.13,Listo,2024-12-02 13:34:07.877313
Combo Beefeater Ginebra Orange + Evervess Agua Tónica + Hielo,83.34,Listo,2024-12-02 13:34:07.877313
Combo Kingston Ron de Jamaica + Coca-Cola Sin Azúcar + Hielo,49.59,Listo,2024-12-02 13:34:07.877313
Combo Skyy Vodka Raspberry + Schweppes Ginger Ale + Bolsa Hielo,58.91,Listo,2024-12-02 13:34:07.877313
Combo Tanqueray Ginebra + Evervess Tónica + Bolsa de Hielo,100.06,Listo,2024-12-02 13:34:07.877313
Combo Chivas Regal Whisky 12 Años Blended Scotch + Hielo,96.68,Listo,2024-12-02 13:34:07.877313
Combo Tanqueray Ginebra London Dry + Hielo,68.2,Listo,2024-12-02 13:34:07.877313
Combo Smirnoff Vodka Watermelon + Bolsa de Hielo,42.27,Listo,2024-12-02 13:34:07.877313
Combo Johnnie Walker Red Label 1 L + Bolsa de Hielo,54.91,Listo,2024-12-02 13:34:07.877313
Costa Barquillos Obsesión Rellenos con Crema de Chocolate,1.6,Listo,2024-12-02 13:34:07.877313
Bon o Bon Chocolate en Tableta Rellena con Crema de Maní,2.4,Listo,2024-12-02 13:34:07.877313
Princesa Chocolate Relleno con Crema de Maní,2.3,Listo,2024-12-02 13:34:07.877313
Chocman Bizcocho en Barra con Relleno de Doble Manjar,2.2,Listo,2024-12-02 13:34:07.877313
Kit Kat Oblea Cubierta de Chocolate,5.0,Listo,2024-12-02 13:34:07.877313
 Lentejas Gragea sabor Chocolate Confitado,2.4,Listo,2024-12-02 13:34:07.877313
Besos de Moza Galleta Sabor Vainilla y Merengue ,13.9,Listo,2024-12-02 13:34:07.877313
Hersheys Chocolate,4.6,Listo,2024-12-02 13:34:07.877313
La Ibérica Barra de Chocolate Milky con Cacao,6.5,Listo,2024-12-02 13:34:07.877313
Triángulo Barra de Chocolate con Leche,2.5,Listo,2024-12-02 13:34:07.877313
Snickers Chocolatina en Barra,5.2,Listo,2024-12-02 13:34:07.877313
M&M's Chocolates con Leche Colores Surtidos,5.2,Listo,2024-12-02 13:34:07.877313
Ferrero Rocher Chocolate Bombones,10.9,Listo,2024-12-02 13:34:07.877313
M&M Chocolate con Leche Confitado y Maní,5.2,Listo,2024-12-02 13:34:07.877313
Hershey Chocolate Leche,4.6,Listo,2024-12-02 13:34:07.877313
Sublime Clásico de Chocolate con Leche con Maní,2.4,Listo,2024-12-02 13:34:07.877313
Trolli Gomita de Gusano Sour Glowworms,4.9,Listo,2024-12-02 13:34:07.877313
Tic Tac Naranja,2.5,Listo,2024-12-02 13:34:07.877313
"Ambrosoli Caramelos Full Sabor Cherry


",1.9,Listo,2024-12-02 13:34:07.877313
Full Caramelo Menta Sabor a Limón,1.9,Listo,2024-12-02 13:34:07.877313
Skittles Caramelos Suaves Confitados Sabor Frutal,6.0,Listo,2024-12-02 13:34:07.877313
Halls Caramelo Duro Sabor Extra Fuerte,2.0,Listo,2024-12-02 13:34:07.877313
Trident Goma de Mascar Freshmint sin Azúcar,3.9,Listo,2024-12-02 13:34:07.877313
Mogul Gomitas Dulces Sabores Frutales en Rollo,1.9,Listo,2024-12-02 13:34:07.877313
Trident Chicle Sin Azúcar Mora Azul,3.9,Listo,2024-12-02 13:34:07.877313
Starburst Caramelo Original Fruit Chews,6.3,Listo,2024-12-02 13:34:07.877313
Grissly Gomitas en Forma de Gusanos ,5.2,Listo,2024-12-02 13:34:07.877313
Halls Caramelos Duros Mora Azul 9 Und,2.0,Listo,2024-12-02 13:34:07.877313
Mentos Caramelo Masticable ,2.2,Listo,2024-12-02 13:34:07.877313
Trident Chicle Splash Sabor a Yerbabuena y Sandía,3.5,Listo,2024-12-02 13:34:07.877313
Skittles Caramelo Wild Berry Singles Candy,6.0,Listo,2024-12-02 13:34:07.877313
Act II Palomitas de Maíz para Microondas Sabor Mantequilla ,5.9,Listo,2024-12-02 13:34:07.877313
Act II Palomitas de Maíz para Microondas Sabor a Mantequilla,5.9,Listo,2024-12-02 13:34:07.877313
Act II Palomitas de Maíz para Microondas Sabor Natural,5.9,Listo,2024-12-02 13:34:07.877313
Turbox Glacial Bolsa de Hielo - Glacial - 3 Kg,8.2,Listo,2024-12-02 13:34:07.877313
Glacial Bolsa De Hielo 1.5kg,7.9,Listo,2024-12-02 13:34:07.877313
Glacial Hielo 3k,8.2,Listo,2024-12-02 13:34:07.877313
Combo Absolut Vodka Raspberri + Hielo,52.26,Listo,2024-12-02 13:34:07.877313
Combo Tanqueray Ginebra London Dry + Evervess Tónica + Hielo,89.9,Listo,2024-12-02 13:34:07.877313
Combo Tanqueray Ginebra Flor de Sevilla + Hielo,122.94,Listo,2024-12-02 13:34:07.877313
Combo Beefeater Ginebra Orange + Evervess Agua Tónica + Hielo,83.34,Listo,2024-12-02 13:34:07.877313
Combo Beefeater Ginebra Blood Orange + Hielo,93.13,Listo,2024-12-02 13:34:07.877313
Combo Skyy Vodka Raspberry + Schweppes Ginger Ale + Bolsa Hielo,58.91,Listo,2024-12-02 13:34:07.877313
Combo Tanqueray Ginebra + Evervess Tónica + Bolsa de Hielo,100.06,Listo,2024-12-02 13:34:07.877313
Combo Chivas Regal Whisky 12 Años Blended Scotch + Hielo,96.68,Listo,2024-12-02 13:34:07.877313
Combo Smirnoff Vodka Watermelon + Bolsa de Hielo,42.27,Listo,2024-12-02 13:34:07.877313
Combo Johnnie Walker Red Label 1 L + Bolsa de Hielo,54.91,Listo,2024-12-02 13:34:07.877313
Combo Tanqueray Ginebra London Dry + Hielo,68.2,Listo,2024-12-02 13:34:07.877313
Combo Beefeater Ginebra London Dry Rosado + Hielo,82.57,Listo,2024-12-02 13:34:07.877313
Pilsen Cerveza Pack En Lata,52.9,Listo,2024-12-02 13:34:07.877313
Pilsen Callao Cerveza,33.9,Listo,2024-12-02 13:34:07.877313
Pilsen Callao Cerveza en Lata,29.9,Listo,2024-12-02 13:34:07.877313
Pilsen Callao Cerveza Rubia,22.9,Listo,2024-12-02 13:34:07.877313
Golden Cerveza Backus en Lata,18.0,Listo,2024-12-02 13:34:07.877313
Tres Cruces Pack Cerveza Light,19.9,Listo,2024-12-02 13:34:07.877313
Tres Cruces Cerveza Lager,19.9,Listo,2024-12-02 13:34:07.877313
Cusqueña Pack Cerveza Trigo,24.9,Listo,2024-12-02 13:34:07.877313
Heineken Pack Cerveza,30.9,Listo,2024-12-02 13:34:07.877313
Heineken Pack Cerveza,26.9,Listo,2024-12-02 13:34:07.877313
Coronita Cerveza Rubia Extra,18.5,Listo,2024-12-02 13:34:07.877313
Cusqueña Cerveza Artesanal de Trigo,29.9,Listo,2024-12-02 13:34:07.877313
Cusqueña Cerveza Negra,24.9,Listo,2024-12-02 13:34:07.877313
Stella Artois Pack Cerveza 6 x 330 mL,36.9,Listo,2024-12-02 13:34:07.877313
Cusqueña Cerveza Premium Dorada,24.9,Listo,2024-12-02 13:34:07.877313
Smirnoff Vodka Manzana Verde Ice,8.9,Listo,2024-12-02 13:34:07.877313
Cartavio Hit Bebida de Piña Colada,5.5,Listo,2024-12-02 13:34:07.877313
Smirnoff Ice Bebida Alcohólica de Vodka Sabor a Guaraná,8.9,Listo,2024-12-02 13:34:07.877313
By Portón Chilcano  Frutos Rojos ,10.9,Listo,2024-12-02 13:34:07.877313
Vino Viña Vieja Borgoña,7.5,Listo,2024-12-02 13:34:07.877313
Viña Vieja Vino Rose,7.5,Listo,2024-12-02 13:34:07.877313
Smirnoff Ice Vodka Original en Lata,8.9,Listo,2024-12-02 13:34:07.877313
Hit Coctel Mojito Cartavio,6.0,Listo,2024-12-02 13:34:07.877313
Tabernero Chilcano de Pisco Sabor a Limón,7.9,Listo,2024-12-02 13:34:07.877313
Chilcano By Portón Mango,10.9,Listo,2024-12-02 13:34:07.877313
Cubata Berries 350ml,6.0,Listo,2024-12-02 13:34:07.877313
Viña Vieja Sangria Lata 355ml,6.9,Listo,2024-12-02 13:34:07.877313
4 x Cartavio Hit Cóctel Cuba Libre,16.91,Listo,2024-12-02 13:34:07.877313
2 x By Portón Chilcano Frutos Rojos,15.9,Listo,2024-12-02 13:34:07.877313
2 x Cartavio Hit Bebida de Piña,9.9,Listo,2024-12-02 13:34:07.877313
Doritos Flamin Hot,6.2,Listo,2024-12-02 13:34:07.877313
Inka Chips Papa Jalapeño 135 g,8.7,Listo,2024-12-02 13:34:07.877313
Piqueo Snax Original,6.2,Listo,2024-12-02 13:34:07.877313
Inka Chips Papas Crujientes Sabor a Bbq y Cebolla Caramelizada,8.7,Listo,2024-12-02 13:34:07.877313
Doritos Tortillas de Maíz Queso Atrevido 45gr ,4.5,Listo,2024-12-02 13:34:07.877313
Inka Chips Papas Crujientes Sal de Mar,8.7,Listo,2024-12-02 13:34:07.877313
Crickets Chifle Sabor a Leche de Tigre,8.9,Listo,2024-12-02 13:34:07.877313
Crickets Chifles Salados,10.5,Listo,2024-12-02 13:34:07.877313
Pringles Papa Sola Original,9.9,Listo,2024-12-02 13:34:07.877313
Pringles Papa Crujiente Crema y Cebolla,9.9,Listo,2024-12-02 13:34:07.877313
Cheetos Botana de Maíz Horneada Sabor a Mega Queso,6.5,Listo,2024-12-02 13:34:07.877313
Tostitos Snack de Maíz Redondos,7.9,Listo,2024-12-02 13:34:07.877313
Tor-Tees Snack de Maíz Frito Clásico,6.9,Listo,2024-12-02 13:34:07.877313
Cheetos Snack de Maíz Sabor a Queso Flamin Hot Crunchy,6.2,Listo,2024-12-02 13:34:07.877313
Tor-Tees  Maíz Frito Picante en Hojuelas Bolsaza,7.4,Listo,2024-12-02 13:34:07.877313
Doritos Snacks de Maíz Sabor Queso Atrevido,6.5,Listo,2024-12-02 13:34:07.877313
Crickets Chips de Plátano con Sal ,8.9,Listo,2024-12-02 13:34:07.877313
Oreo Galleta de Chocolate Con Relleno Sabor Cookies & Cream,1.8,Listo,2024-12-02 13:34:07.877313
Gretel Galletas Sabor Chocolate ,1.6,Listo,2024-12-02 13:34:07.877313
Field Galleta Coronita Chocolate,1.5,Listo,2024-12-02 13:34:07.877313
Sublime Wafer Power,1.9,Listo,2024-12-02 13:34:07.877313
Oreo Galleta Vainilla,1.8,Listo,2024-12-02 13:34:07.877313
Field Galletas Mini Wafer Recubiertas de Chocolate Cua Cua,2.5,Listo,2024-12-02 13:34:07.877313
Picaras Galleta Clásica,1.5,Listo,2024-12-02 13:34:07.877313
Chips Ahoy Galletas Tamaño Mini con Chips de Chocolate,2.2,Listo,2024-12-02 13:34:07.877313
Costa Frac Clásica Sabor a Chocolate ,1.4,Listo,2024-12-02 13:34:07.877313
Morochas Galleta Sabor Vainilla con Chocolate,3.5,Listo,2024-12-02 13:34:07.877313
Pingüinos Pastel Cookies Cream,4.0,Listo,2024-12-02 13:34:07.877313
Picaras Galletas Bañadas con Cobertura de Chocolate,2.2,Listo,2024-12-02 13:34:07.877313
Chaplin Galletas Dulces Crocantes y Doradas ,2.9,Listo,2024-12-02 13:34:07.877313
Nik Galleta Wafer con Relleno Sabor a Fresa,2.2,Listo,2024-12-02 13:34:07.877313
Costa Nik Galletas Wafer Sabor a Vainilla,2.2,Listo,2024-12-02 13:34:07.877313
Frac Galletas de Chocolate con Crema de Vainilla,1.4,Listo,2024-12-02 13:34:07.877313
Glacitas Galletas Sabor a Toffee,1.9,Listo,2024-12-02 13:34:07.877313
Rellenitas Galletas Sándwich Sabor a Coco,1.2,Listo,2024-12-02 13:34:07.877313
Crickets Maní Confitado en Bolsa ,5.9,Listo,2024-12-02 13:34:07.877313
Vallealto Berry Crunch,5.2,Listo,2024-12-02 13:34:07.877313
Maní Karinto Crocante Picante,4.5,Listo,2024-12-02 13:34:07.877313
Granuts Mezcla con Arándanos y Almendras,4.2,Listo,2024-12-02 13:34:07.877313
Fochis Pasas Cubiertas de Chocolates,6.2,Listo,2024-12-02 13:34:07.877313
Karinto Maní Crocante y Salado,4.5,Listo,2024-12-02 13:34:07.877313
Granuts Mezcla de Frutos Secos con Arándanos,12.5,Listo,2024-12-02 13:34:07.877313
Vizzio Almendras Cubiertas con Chocolate ,8.9,Listo,2024-12-02 13:34:07.877313
Vallealto Mezcla de Frutos Secos Mix Up,7.9,Listo,2024-12-02 13:34:07.877313
Vallealto Snack Premium Cocktail Sin Maní Original,9.9,Listo,2024-12-02 13:34:07.877313
Vallealto Mix Tostado,6.9,Listo,2024-12-02 13:34:07.877313
Maní Karinto Salado,3.4,Listo,2024-12-02 13:34:07.877313
Vallealto Mix Berry Original ,8.9,Listo,2024-12-02 13:34:07.877313
Chocolates Helena Chocoteja Pecana,5.9,Listo,2024-12-02 13:34:07.877313
Granuts Mezcla de Maní con Pasas,3.2,Listo,2024-12-02 13:34:07.877313
Ajinomen Sopa Instantánea Gallina,2.2,Listo,2024-12-02 13:34:07.877313
Ajinomen Sopa Pollo - Generic Brand - 80 G,2.2,Listo,2024-12-02 13:34:07.877313
Ajinomen Sopa Instantánea con Fideos Sabor Gallina,4.5,Listo,2024-12-02 13:34:07.877313
Alacena Crema de Ají Tarí,6.9,Listo,2024-12-02 13:34:07.877313
Ajinomen Sopa Instantánea con Fideos Sabor Carne,4.5,Listo,2024-12-02 13:34:07.877313
Ajinomen Sopa Instantánea de Pollo,4.5,Listo,2024-12-02 13:34:07.877313
Florida Trozos de Atún en Lata,7.2,Listo,2024-12-02 13:34:07.877313
Florida Filete de Atún en Agua,7.5,Listo,2024-12-02 13:34:07.877313
Chocapic Cereal con Sabor a Chocolate,5.6,Listo,2024-12-02 13:34:07.877313
Kelloggs Cereal Corn Flakes,10.9,Listo,2024-12-02 13:34:07.877313
Stefany Granolas con Stevia,4.2,Listo,2024-12-02 13:34:07.877313
Forte Golpe Arroz Atómico Nevado con Vainilla,4.2,Listo,2024-12-02 13:34:07.877313
Laive Yogurt Bebible Sabor Fresa,7.5,Listo,2024-12-02 13:34:07.877313
Laive Leche Sabor a Vainilla con Cereal Cubierto de Chocolate Yopi Mix ,3.2,Listo,2024-12-02 13:34:07.877313
Gloria Yogurt Vainilla Francesa,4.9,Listo,2024-12-02 13:34:07.877313
Laive Yogurt Probiótico Sabor a Durazno,3.9,Listo,2024-12-02 13:34:07.877313
Laive Yogurt Mix Fresa Chocolate,4.2,Listo,2024-12-02 13:34:07.877313
Laive Yogurt Probióticos Sabor Fresa,3.9,Listo,2024-12-02 13:34:07.877313
Laive Yogurt Vainilla Francesa,3.9,Listo,2024-12-02 13:34:07.877313
Laive Yogurt Griego Batido Sabor a Mango y Maracuyá,10.6,Listo,2024-12-02 13:34:07.877313
Yopi Yogurt con Hojuelas Azucaradas,3.2,Listo,2024-12-02 13:34:07.877313
Gloria Leche Entera,4.6,Listo,2024-12-02 13:34:07.877313
Gloria Leche Entera con Vitaminas,6.2,Listo,2024-12-02 13:34:07.877313
Laive Leche de Vaca sin Lactosa,6.5,Listo,2024-12-02 13:34:07.877313
Laive Leche Sin Lactosa Sabor a Chocolate Tetrapack,7.3,Listo,2024-12-02 13:34:07.877313
Laive Leche Concentrada sin Lactosa,5.3,Listo,2024-12-02 13:34:07.877313
Gloria Leche Light,4.9,Listo,2024-12-02 13:34:07.877313
Gloria Leche Choco,2.2,Listo,2024-12-02 13:34:07.877313
Ideal Mezcla Láctea Cremosita,4.5,Listo,2024-12-02 13:34:07.877313
Laive Leche Concentrada 6.4% Grasa,4.7,Listo,2024-12-02 13:34:07.877313
Laive Leche Entera Uht,6.5,Listo,2024-12-02 13:34:07.877313
Gloria Leche Zerolacto Uht Sin Lactosa,6.2,Listo,2024-12-02 13:34:07.877313
Gloria Leche Sabor Chocolate,6.5,Listo,2024-12-02 13:34:07.877313
Laive Leche Chocolatada,2.2,Listo,2024-12-02 13:34:07.877313
Laive Bebida Muuu Shake Sabor Capuccino,3.6,Listo,2024-12-02 13:34:07.877313
D'Onofrio Bombones de Helado con Crema de Vainilla,4.9,Listo,2024-12-02 13:34:07.877313
Haagen Helado Häagen-Dazs Cookies & Cream 100 mL,8.5,Listo,2024-12-02 13:34:07.877313
Häagen Dazs Helado Sabor a Dulce de Leche,8.5,Listo,2024-12-02 13:34:07.877313
Häagen-Dasz Helado Cheesecake de Fresa,29.9,Listo,2024-12-02 13:34:07.877313
D'Onofrio Paleta de Helado Sabor a Vainilla Almendras,5.9,Listo,2024-12-02 13:34:07.877313
Haagen Dazs Helado Chocolate Belga,29.9,Listo,2024-12-02 13:34:07.877313
Haagen Dazs Helado con Sabor a Fresa,8.5,Listo,2024-12-02 13:34:07.877313
Haagen-Dazs Helado Sabor Cookies & Cream,29.9,Listo,2024-12-02 13:34:07.877313
Peziduri Helado Sabor a Vainilla,15.0,Listo,2024-12-02 13:34:07.877313
Haagen Dasz Helado Cremoso Sabor a Vainilla,10.9,Listo,2024-12-02 13:34:07.877313
Princesa Helado de Crema de Maní,22.5,Listo,2024-12-02 13:34:07.877313
Häagen-Dazs Helado Sabor a Dulce de Leche,29.9,Listo,2024-12-02 13:34:07.877313
Listo Gm Galleta Chochips,4.9,Listo,2024-12-02 13:34:07.877313
Listo Gm Muffin De Chocolate,6.9,Listo,2024-12-02 13:34:07.877313
Pie De Limón Porción,8.9,Listo,2024-12-02 13:34:07.877313
Postre - Tres Leches Porción,8.9,Listo,2024-12-02 13:34:07.877313
Listo Gm Galleta Chococolate,4.9,Listo,2024-12-02 13:34:07.877313
Crocante De Manzana Porción,8.9,Listo,2024-12-02 13:34:07.877313
Listo Gm Muffin De Plátano,6.9,Listo,2024-12-02 13:34:07.877313
Listo Gm Galleta De Avena,4.9,Listo,2024-12-02 13:34:07.877313
Bimbo Pan Blanco ,8.9,Listo,2024-12-02 13:34:07.877313
La Despensa Croissant Pollo,7.9,Listo,2024-12-02 13:34:07.877313
Vital Pan Avena Girasol Con Masa Madre,11.2,Listo,2024-12-02 13:34:07.877313
Vital Pan Multicereal con Chía y Linaza,10.9,Listo,2024-12-02 13:34:07.877313
Bimbo Pan de Molde Integral,8.9,Listo,2024-12-02 13:34:07.877313
Bimbo Tortillas Rapiditas Clásicas,11.2,Listo,2024-12-02 13:34:07.877313
Bimbo Tostadas Clasicas,8.9,Listo,2024-12-02 13:34:07.877313
Bimbo Tostadas Integrales,8.9,Listo,2024-12-02 13:34:07.877313
D'Onofrio Chocolate Chocotoncito,4.2,Listo,2024-12-02 13:34:07.877313
Bimbo Paneton Pasas y Frutas,19.9,Listo,2024-12-02 13:34:07.877313
Listo Croissant Con Chocolate,6.9,Listo,2024-12-02 13:34:07.877313
D'Onofrio Panetón Buon Natale,23.9,Listo,2024-12-02 13:34:07.877313
D'Onofrio Panetón Zipper 900 g,31.9,Listo,2024-12-02 13:34:07.877313
Chocottone Panettone con Gotas de Chocolate,5.2,Listo,2024-12-02 13:34:07.877313
Bauducco Panetón de Frutas,5.2,Listo,2024-12-02 13:34:07.877313
Listo Croissant Navideño,6.9,Listo,2024-12-02 13:34:07.877313
Combo D'Onofrio Panetón Zipper + Coca-Cola Sin Azúcar,32.41,Listo,2024-12-02 13:34:07.877313
Combo D'Onofrio Panetón Zipper + Coca-Cola Sabor Original,32.41,Listo,2024-12-02 13:34:07.877313
Combo D'Onofrio Panetón Zipper 900 g + Sprite Sin Azúcar,25.57,Listo,2024-12-02 13:34:07.877313
Listo Croissant Con Crema De Avellanas,6.9,Listo,2024-12-02 13:34:07.877313
Listo Croissant De Manjar,6.9,Listo,2024-12-02 13:34:07.877313
Suave Pack de Papel Higiénico Cuidado Completo Doble Hoja,3.3,Listo,2024-12-02 13:34:07.877313
Scott Servilletas Prácticas Cortadas ,4.3,Listo,2024-12-02 13:34:07.877313
Kleenex Pañuelos Originales,1.9,Listo,2024-12-02 13:34:07.877313
Braedt Hot Dog de Cerdo,6.9,Listo,2024-12-02 13:34:07.877313
Braedt Salchicha Cabanossi,4.4,Listo,2024-12-02 13:34:07.877313
Otto Kunz Jamonada Bologna,4.5,Listo,2024-12-02 13:34:07.877313
La Despensa Triple Pollo/jamon/queso,7.9,Listo,2024-12-02 13:34:07.877313
Otto Kunz Jamón para Pizza,5.5,Listo,2024-12-02 13:34:07.877313
Salchichería Suiza Jamonada con Pollo y Cerdo,3.5,Listo,2024-12-02 13:34:07.877313
Braedt Jamonada de Pollo con Queso Edam,8.9,Listo,2024-12-02 13:34:07.877313
Braedt Jamón Pizzero,7.9,Listo,2024-12-02 13:34:07.877313
Otto Kunz Tocino Ahumado,8.9,Listo,2024-12-02 13:34:07.877313
Piel Preservativo de Látex Sensitivo,5.0,Listo,2024-12-02 13:34:07.877313
Durex Condones sin Látex Real Feel,12.9,Listo,2024-12-02 13:34:07.877313
Piel Preservativos Clásicos de Látex Natural Lubricado,5.0,Listo,2024-12-02 13:34:07.877313
Durex Máximo Placer Caja 3 Und,10.9,Listo,2024-12-02 13:34:07.877313
Piel Preservativo con Retardante,5.0,Listo,2024-12-02 13:34:07.877313
Durex Preservativos Invisible,11.9,Listo,2024-12-02 13:34:07.877313
Durex Condones Clímax Mutuo,12.9,Listo,2024-12-02 13:34:07.877313
Durex Condones Extra Seguro,10.0,Listo,2024-12-02 13:34:07.877313
Durex Preservativo Placer Prolongado,10.5,Listo,2024-12-02 13:34:07.877313
Durex Preservativo Clásico,10.9,Listo,2024-12-02 13:34:07.877313
Durex Anillo Vibrador Intense Orgasmic,27.9,Listo,2024-12-02 13:34:07.877313
Durex Gel Lubricante H2O,39.9,Listo,2024-12-02 13:34:07.877313
Pilsen Cerveza Pack En Lata,52.9,Listo,2024-12-02 13:34:07.877313
Pilsen Callao Cerveza,33.9,Listo,2024-12-02 13:34:07.877313
Pilsen Callao Cerveza en Lata,29.9,Listo,2024-12-02 13:34:07.877313
Pilsen Callao Cerveza Rubia,22.9,Listo,2024-12-02 13:34:07.877313
Golden Cerveza Backus en Lata,18.0,Listo,2024-12-02 13:34:07.877313
Cusqueña Pack Cerveza Trigo,24.9,Listo,2024-12-02 13:34:07.877313
Cusqueña Cerveza Artesanal de Trigo,29.9,Listo,2024-12-02 13:34:07.877313
Cusqueña Cerveza Negra,24.9,Listo,2024-12-02 13:34:07.877313
Cusqueña Cerveza Premium Dorada,24.9,Listo,2024-12-02 13:34:07.877313
Cusqueña Cerveza Negra,29.9,Listo,2024-12-02 13:34:07.877313
Barbarian Cerveza Ipa 174 Lúpulo Intensa en Lata,6.9,Listo,2024-12-02 13:34:07.877313
Cusqueña Pack de Cerveza Dorada Tipo Lager Estilo Pilsner,29.9,Listo,2024-12-02 13:34:07.877313
Barbarian Cerveza 174 Estilo Ipa Intensa en Lata,27.6,Listo,2024-12-02 13:34:07.877313
Cristal Cerveza X 6 U,31.9,Listo,2024-12-02 13:34:07.877313
Tres Cruces Pack Cerveza Light,19.9,Listo,2024-12-02 13:34:07.877313
Tres Cruces Cerveza Lager,19.9,Listo,2024-12-02 13:34:07.877313
Heineken Pack Cerveza,30.9,Listo,2024-12-02 13:34:07.877313
Heineken Pack Cerveza,26.9,Listo,2024-12-02 13:34:07.877313
Coronita Cerveza Rubia Extra,18.5,Listo,2024-12-02 13:34:07.877313
Stella Artois Pack Cerveza 6 x 330 mL,36.9,Listo,2024-12-02 13:34:07.877313
Heineken 4 pack,23.9,Listo,2024-12-02 13:34:07.877313
Corona Cerveza Extra ,30.9,Listo,2024-12-02 13:34:07.877313
Tres Cruces Cerveza Light en Lata,29.9,Listo,2024-12-02 13:34:07.877313
Sixpack Cerveza Corona Lata,39.9,Listo,2024-12-02 13:34:07.877313
Corona Six Pack Botella 355Ml X2,70.0,Listo,2024-12-02 13:34:07.877313
Stella Artois Six Pack Bot. 330Ml X2,66.0,Listo,2024-12-02 13:34:07.877313
Corona Cerveza Extra,6.9,Listo,2024-12-02 13:34:07.877313
Santiago Queirolo Vino Tinto Borgoña,16.9,Listo,2024-12-02 13:34:07.877313
Tabernero Pasaporte Rosso Kit Vino Borgoña,34.9,Listo,2024-12-02 13:34:07.877313
Estancia Mendoza Vino Tinto Cabernet Malbec,23.9,Listo,2024-12-02 13:34:07.877313
Pasaporte Rosso Vino Rosado Tabernero Gran Rose + Vasos ,34.9,Listo,2024-12-02 13:34:07.877313
Tabernero Vino Borgoña Semiseco,17.9,Listo,2024-12-02 13:34:07.877313
Finca las Moras Vino Tinto Cabernet Sauvignon,44.9,Listo,2024-12-02 13:34:07.877313
Navarro Correas Vino Tinto Colección Privada Blend,59.9,Listo,2024-12-02 13:34:07.877313
Tabernero Vino Rosado Gran Rosé Semiseco,17.9,Listo,2024-12-02 13:34:07.877313
Intipalka Vino Blanco Sauvignon Blanc,32.9,Listo,2024-12-02 13:34:07.877313
Finca las Moras Vino Tinto Malbec,44.9,Listo,2024-12-02 13:34:07.877313
Marqués de Riscal Vino Blanco Rueda,59.9,Listo,2024-12-02 13:34:07.877313
Intipalka Vino Tinto Malbec,32.9,Listo,2024-12-02 13:34:07.877313
Navarro Correas Vino Tinto Malbec,59.9,Listo,2024-12-02 13:34:07.877313
Barefoot Vino Tinto Cabernet Sauvignon,29.9,Listo,2024-12-02 13:34:07.877313
Concha Y Toro Vino Tinto Reservado Carmenere,21.9,Listo,2024-12-02 13:34:07.877313
Riccadonna Vino Espumante Asti Dolce,64.9,Listo,2024-12-02 13:34:07.877313
Riccadonna Vino Espumante Ruby,64.9,Listo,2024-12-02 13:34:07.877313
Riccadonna Vino Espumante Moscato Rosé 750 mL,64.9,Listo,2024-12-02 13:34:07.877313
Riccadonna Vino Espumoso Ruby,22.9,Listo,2024-12-02 13:34:07.877313
Riccadonna Vino Espumante Prosecco,22.9,Listo,2024-12-02 13:34:07.877313
Riccadonna Vino Espumante Asti,22.9,Listo,2024-12-02 13:34:07.877313
Kotex Toallas Higiénicas Ultrafinas,4.9,Listo,2024-12-02 13:34:07.877313
Nosotras Toalla Higiénica Buenas Noches Natural,10.9,Listo,2024-12-02 13:34:07.877313
Nosotras Toalla Higiénica Invisible Rapigel,7.9,Listo,2024-12-02 13:34:07.877313
Pasta Dental Colgate Triple Acción Menta Original 75 mL,9.2,Listo,2024-12-02 13:34:07.877313
Protex Jabón en Barra,4.5,Listo,2024-12-02 13:34:07.877313
Palmolive Jabón en Barra Sensación Humectante,5.5,Listo,2024-12-02 13:34:07.877313
 Batovi Huevo Sorpresa  Dragón  Ball ,7.9,Listo,2024-12-02 13:34:07.877313
Batovi Huevo Sorpresa Lol,7.9,Listo,2024-12-02 13:34:07.877313
Peluche Chico Prom,19.9,Listo,2024-12-02 13:34:07.877313
Huggies Toallitas Húmedas Limpieza Efectiva,8.9,Listo,2024-12-02 13:34:07.877313
I2go Pro Cable Lightning 2 M.t Nylon Trenzado,79.9,Listo,2024-12-02 13:34:07.877313
I2go Cable Conector Lightning a Usb,69.9,Listo,2024-12-02 13:34:07.877313
I2go Cargador Dual Usb de Carro 2.1 Amp,29.9,Listo,2024-12-02 13:34:07.877313
I2 Go Cable USB a Micro USB,34.9,Listo,2024-12-02 13:34:07.877313
I2go Audifono Con Mifrofono,29.9,Listo,2024-12-02 13:34:07.877313
OCB Papel Premium 1.1/4,4.5,Listo,2024-12-02 13:34:07.877313
Ocb Hemp Papel de Fumar Orgánico,3.5,Listo,2024-12-02 13:34:07.877313
Ocb Papel para Cigarrillos de Liar ,3.5,Listo,2024-12-02 13:34:07.877313
Bolsa De Regalo Licor - Foto Referencial,8.9,Listo,2024-12-02 13:34:07.877313
2 x Chilcano Naranja 310 mL,11.9,Listo,2024-12-02 13:34:07.877313
2 x Piscano Chilcano de Pisco Sabor a Maracuyá,11.9,Listo,2024-12-02 13:34:07.877313
2 x Piscano Zero Chilcano de Pisco Sabor a Naranja,17.0,Listo,2024-12-02 13:34:07.877313
2 x Santiago Queirolo Chilcano Masco 275 mL,10.9,Listo,2024-12-02 13:34:07.877313
2 x Share Rose 310 mL,11.9,Listo,2024-12-02 13:34:07.877313
2 x Smirnoff Ice Seltzer Sabor a Manzana Verde,14.91,Listo,2024-12-02 13:34:07.877313
2 x Tabernero Gran Blanco Semi Seco 750 mL,31.91,Listo,2024-12-02 13:34:07.877313
2 x Tabernero Gran Tinto Semi Seco 750 mL,31.91,Listo,2024-12-02 13:34:07.877313
3 x Smirnoff Ice Seltzer Sabor a Manzana Verde,21.9,Listo,2024-12-02 13:34:07.877313
2 x Vizzio Almendras Cubiertas Con Chocolate Amargo,17.8,Listo,2024-12-02 13:34:07.877313
2 x Ocucaje Vino Rosé,35.8,Listo,2024-12-02 13:34:07.877313
Combo Baileys 750 mL + Snickers,89.1,Listo,2024-12-02 13:34:07.877313
Combo Baileys 750 mL + Snickers de Maní,88.9,Listo,2024-12-02 13:34:07.877313
Combo Skyy Vodka Raspberry + Schweppes Citrus,56.91,Listo,2024-12-02 13:34:07.877313
2 x Pilsen Callao Cerveza 473 mL + Bacardi Ron Carta Oro,112.7,Listo,2024-12-02 13:34:07.877313
